<?xml version="1.0" encoding="UTF-8"?>
<ns0:BrokerServiceManifest xmlns:ns0="http://schema.altinn.no/services/ServiceEngine/Broker/2015/06">
   <ns0:ExternalServiceCode>v3888</ns0:ExternalServiceCode>
   <ns0:ExternalServiceEditionCode>70515</ns0:ExternalServiceEditionCode>
   <ns0:SendersReference>1460.7669637730266</ns0:SendersReference>
   <ns0:Reportee>991825827</ns0:Reportee>
   <ns0:FileList>
      <ns0:File>
         <ns0:FileName>content.xml</ns0:FileName>
      </ns0:File>
   </ns0:FileList>
</ns0:BrokerServiceManifest>
